{
  "Version": 1,
  "ManifestType": "Publish",
  "Endpoints": [
    {
      "Route": "AzureTestApp.6u76sqo65d.styles.css",
      "AssetFile": "AzureTestApp.styles.css",
      "Selectors": [],
      "ResponseHeaders": [
        {
          "Name": "Accept-Ranges",
          "Value": "bytes"
        },
        {
          "Name": "Cache-Control",
          "Value": "max-age=31536000, immutable"
        },
        {
          "Name": "Content-Length",
          "Value": "1130"
        },
        {
          "Name": "Content-Type",
          "Value": "text/css"
        },
        {
          "Name": "ETag",
          "Value": "\"LrEu0M2e9pRW438r3JoOYigi0R6JIgdvRf66WBfmPDY=\""
        },
        {
          "Name": "Last-Modified",
          "Value": "Tue, 21 Jan 2025 04:54:07 GMT"
        }
      ],
      "EndpointProperties": [
        {
          "Name": "fingerprint",
          "Value": "6u76sqo65d"
        },
        {
          "Name": "integrity",
          "Value": "sha256-LrEu0M2e9pRW438r3JoOYigi0R6JIgdvRf66WBfmPDY="
        },
        {
          "Name": "label",
          "Value": "AzureTestApp.styles.css"
        }
      ]
    },
    {
      "Route": "AzureTestApp.styles.css",
      "AssetFile": "AzureTestApp.styles.css",
      "Selectors": [],
      "ResponseHeaders": [
        {
          "Name": "Accept-Ranges",
          "Value": "bytes"
        },
        {
          "Name": "Cache-Control",
          "Value": "no-cache"
        },
        {
          "Name": "Content-Length",
          "Value": "1130"
        },
        {
          "Name": "Content-Type",
          "Value": "text/css"
        },
        {
          "Name": "ETag",
          "Value": "\"LrEu0M2e9pRW438r3JoOYigi0R6JIgdvRf66WBfmPDY=\""
        },
        {
          "Name": "Last-Modified",
          "Value": "Tue, 21 Jan 2025 04:54:07 GMT"
        }
      ],
      "EndpointProperties": [
        {
          "Name": "integrity",
          "Value": "sha256-LrEu0M2e9pRW438r3JoOYigi0R6JIgdvRf66WBfmPDY="
        }
      ]
    }
  ]
}